filename,width,height,class,xmin,ymin,xmax,ymax
100Geico.jpg,848,650,Geico,166,51,685,169
101Geico.jpg,236,236,Geico,107,133,176,148
102Geico.jpg,5176,2105,Geico,238,170,4143,1070
103Geico.jpg,0,0,Geico,62,60,188,97
104Geico.jpg,768,768,Geico,6,219,763,411
105Geico.jpg,0,0,Geico,103,11,149,24
106Geico.jpg,400,217,Geico,25,34,87,83
107Geico.jpg,192,192,Geico,3,1,85,18
108Geico.jpg,300,179,Geico,115,58,248,97
109Geico.jpg,300,179,Geico,113,55,251,97
10Geico.jpg,1280,720,Geico,353,238,479,318
110Geico.jpg,350,239,Geico,150,1,350,38
111Geico.jpg,500,500,Geico,159,175,345,218
112Geico.jpg,980,1323,Geico,226,841,559,912
113Geico.jpg,300,188,Geico,39,125,276,175
114Geico.jpg,1280,720,Geico,2,449,109,487
115Geico.jpg,696,520,Geico,97,162,251,284
115Geico.jpg,696,520,Geico,502,247,666,298
116Geico.jpg,696,520,Geico,101,162,269,289
116Geico.jpg,696,520,Geico,509,246,664,294
117Geico.jpg,0,0,Geico,5,27,378,101
118Geico.jpg,2000,1170,Geico,39,795,1931,1159
119Geico.jpg,0,0,Geico,49,11,1921,352
11Geico.jpg,1280,720,Geico,374,248,515,309
120Geico.jpg,0,0,Geico,23,11,1917,348
121Geico.jpg,294,400,Geico,149,322,261,346
122Geico.jpg,295,171,Geico,82,47,214,75
123Geico.jpg,614,345,Geico,319,154,431,185
124Geico.jpg,200,243,Geico,31,92,170,119
125Geico.jpg,0,0,Geico,1057,350,1108,371
126Geico.jpg,916,687,Geico,260,72,648,154
127Geico.jpg,640,401,Geico,202,48,430,93
128Geico.jpg,900,600,Geico,200,218,401,282
129Geico.jpg,416,273,Geico,21,131,61,256
129Geico.jpg,416,273,Geico,265,33,381,57
12Geico.jpg,1280,720,Geico,158,8,532,183
130Geico.jpg,2560,1920,Geico,1845,455,1978,500
131Geico.jpg,1024,682,Geico,328,284,740,419
132Geico.jpg,1379,528,Geico,22,100,787,260
132Geico.jpg,1379,528,Geico,1033,146,1328,206
133Geico.jpg,700,465,Geico,55,270,119,287
134Geico.jpg,280,190,Geico,15,157,62,168
134Geico.jpg,280,190,Geico,109,21,163,32
134Geico.jpg,280,190,Geico,208,83,261,94
135Geico.jpg,0,0,Geico,114,140,346,184
136Geico.jpg,900,600,Geico,463,210,540,238
137Geico.jpg,2905,1936,Geico,9,120,202,260
138Geico.jpg,1024,512,Geico,651,42,986,110
139Geico.jpg,4000,3000,Geico,555,1216,4000,1628
13Geico.jpg,1280,720,Geico,562,169,691,227
140Geico.jpg,300,200,Geico,83,51,123,66
141Geico.jpg,0,0,Geico,28,61,137,82
142Geico.jpg,1500,805,Geico,123,370,543,564
142Geico.jpg,1500,805,Geico,1115,252,1432,432
143Geico.jpg,0,0,Geico,125,207,325,252
144Geico.jpg,2804,1574,Geico,1255,691,1955,991
145Geico.jpg,640,400,Geico,106,358,604,382
146Geico.jpg,1600,869,Geico,823,347,868,373
147Geico.jpg,1200,800,Geico,614,250,657,269
148Geico.jpg,312,250,Geico,7,151,300,205
149Geico.jpg,270,190,Geico,8,56,255,100
14Geico.jpg,1280,720,Geico,354,201,502,268
150Geico.jpg,1024,768,Geico,490,35,543,261
150Geico.jpg,1024,768,Geico,856,3,908,242
150Geico.jpg,1024,768,Geico,471,300,829,337
150Geico.jpg,1024,768,Geico,842,299,960,349
150Geico.jpg,1024,768,Geico,865,468,958,535
150Geico.jpg,1024,768,Geico,600,246,774,284
151Geico.jpg,3000,3000,Geico,693,1126,2002,1597
152Geico.jpg,1000,1000,Geico,440,522,568,613
153Geico.jpg,896,504,Geico,454,172,489,184
154Geico.jpg,636,481,Geico,177,153,476,219
155Geico.jpg,1000,1000,Geico,227,385,658,566
156Geico.jpg,1280,720,Geico,365,307,922,417
157Geico.jpg,640,360,Geico,158,90,509,156
158Geico.jpg,350,350,Geico,46,2,107,18
159Geico.jpg,260,220,Geico,3,89,257,140
15Geico.jpg,1280,720,Geico,275,284,418,351
160Geico.jpg,500,196,Geico,330,104,405,130
161Geico.jpg,500,333,Geico,193,186,269,224
162Geico.jpg,500,333,Geico,281,140,335,167
162Geico.jpg,500,333,Geico,248,135,280,168
162Geico.jpg,500,333,Geico,275,118,360,143
163Geico.jpg,1280,720,Geico,375,304,913,410
164Geico.jpg,1280,853,Geico,196,428,464,559
164Geico.jpg,1280,853,Geico,968,284,1217,415
165Geico.jpg,2880,1920,Geico,593,1358,696,1394
166Geico.jpg,4896,3264,Geico,4487,2006,4573,2069
167Geico.jpg,594,360,Geico,57,115,233,212
167Geico.jpg,594,360,Geico,438,156,538,196
168Geico.jpg,1200,800,Geico,724,163,786,191
169Geico.jpg,594,395,Geico,57,197,209,256
169Geico.jpg,594,395,Geico,445,138,554,191
16Geico.jpg,1280,720,Geico,1,303,115,408
170Geico.jpg,600,600,Geico,128,185,334,280
171Geico.jpg,2000,1125,Geico,347,288,1114,453
171Geico.jpg,2000,1125,Geico,884,490,2000,680
171Geico.jpg,2000,1125,Geico,2,482,468,571
172Geico.jpg,2000,1125,Geico,343,267,1117,453
172Geico.jpg,2000,1125,Geico,1,484,470,594
172Geico.jpg,2000,1125,Geico,882,504,1402,622
172Geico.jpg,2000,1125,Geico,1802,526,2000,665
173Geico.jpg,350,287,Geico,10,2,61,15
173Geico.jpg,350,287,Geico,47,111,106,131
174Geico.jpg,250,340,Geico,61,72,182,107
175Geico.jpg,2400,1409,Geico,1088,583,1615,691
176Geico.jpg,300,300,Geico,2,128,290,178
177Geico.jpg,350,350,Geico,27,27,61,37
178Geico.jpg,300,174,Geico,6,117,291,169
179Geico.jpg,3000,1399,Geico,195,472,2810,919
17Geico.jpg,1280,720,Geico,287,130,397,195
180Geico.jpg,240,200,Geico,119,170,230,192
181Geico.jpg,3200,1680,Geico,2421,654,2581,721
182Geico.jpg,534,401,Geico,112,171,422,233
183Geico.jpg,3200,1680,Geico,574,454,2558,808
184Geico.jpg,750,422,Geico,395,15,660,83
184Geico.jpg,750,422,Geico,353,56,381,217
184Geico.jpg,750,422,Geico,672,119,708,319
185Geico.jpg,534,401,Geico,111,172,419,229
186Geico.jpg,534,401,Geico,211,280,365,309
186Geico.jpg,534,401,Geico,1,101,48,129
186Geico.jpg,534,401,Geico,509,179,532,201
187Geico.jpg,0,0,Geico,40,105,209,167
188Geico.jpg,2000,2000,Geico,576,670,1667,1148
189Geico.jpg,0,0,Geico,104,261,142,277
18Geico.jpg,1280,720,Geico,336,218,537,317
190Geico.jpg,0,0,Geico,110,132,363,185
191Geico.jpg,236,292,Geico,104,242,196,258
192Geico.jpg,300,188,Geico,41,127,276,173
193Geico.jpg,850,635,Geico,29,174,150,210
194Geico.jpg,380,253,Geico,54,103,150,169
194Geico.jpg,380,253,Geico,278,104,349,139
195Geico.jpg,485,550,Geico,154,419,333,474
196Geico.jpg,480,360,Geico,129,45,319,88
197Geico.jpg,594,408,Geico,9,26,112,48
198Geico.jpg,980,1323,Geico,267,491,690,604
199Geico.jpg,0,0,Geico,54,130,361,274
19Geico.jpg,1280,720,Geico,115,86,262,142
1Geico.jpg,219,300,Geico,140,267,198,286
200Geico.jpg,473,313,Geico,177,211,254,229
201Geico.jpg,534,712,Geico,144,168,185,193
202Geico.jpg,214,178,Geico,6,3,70,18
203Geico.jpg,0,0,Geico,7,59,396,395
204Geico.jpg,891,612,Geico,167,180,410,230
205Geico.jpg,986,554,Geico,458,313,515,339
206Geico.jpg,485,550,Geico,155,419,334,452
207Geico.jpg,330,185,Geico,74,26,263,63
208Geico.jpg,300,250,Geico,14,179,287,223
209Geico.jpg,0,0,Geico,7,48,418,334
20Geico.jpg,1280,720,Geico,380,214,502,268
210Geico.jpg,1484,989,Geico,970,707,1144,762
211Geico.jpg,1920,1080,Geico,353,221,457,254
212Geico.jpg,425,109,Geico,6,2,425,80
213Geico.jpg,765,150,Geico,271,24,462,65
214Geico.jpg,800,533,Geico,341,63,800,160
215Geico.jpg,620,465,Geico,59,124,566,199
216Geico.jpg,1024,608,Geico,45,422,910,576
217Geico.jpg,1024,608,Geico,55,428,901,565
218Geico.jpg,2000,1333,Geico,1073,963,1588,1090
219Geico.jpg,800,535,Geico,320,370,391,391
21Geico.jpg,1280,720,Geico,149,186,289,257
220Geico.jpg,3756,2504,Geico,2636,550,2728,610
221Geico.jpg,750,396,Geico,179,187,303,247
222Geico.jpg,1024,576,Geico,25,184,223,227
222Geico.jpg,1024,576,Geico,291,211,367,235
222Geico.jpg,1024,576,Geico,72,317,209,345
222Geico.jpg,1024,576,Geico,236,349,323,372
222Geico.jpg,1024,576,Geico,341,351,449,375
222Geico.jpg,1024,576,Geico,596,176,811,224
222Geico.jpg,1024,576,Geico,828,178,1009,214
222Geico.jpg,1024,576,Geico,85,490,186,511
222Geico.jpg,1024,576,Geico,241,470,342,498
222Geico.jpg,1024,576,Geico,431,486,532,517
222Geico.jpg,1024,576,Geico,574,469,816,511
222Geico.jpg,1024,576,Geico,452,53,668,101
222Geico.jpg,1024,576,Geico,866,475,948,527
222Geico.jpg,1024,576,Geico,645,341,803,405
222Geico.jpg,1024,576,Geico,837,343,988,406
222Geico.jpg,1024,576,Geico,489,318,610,345
223Geico.jpg,981,757,Geico,383,170,656,235
224Geico.jpg,1551,1127,Geico,965,258,1133,311
225Geico.jpg,608,348,Geico,23,47,186,87
225Geico.jpg,608,348,Geico,514,47,595,75
226Geico.jpg,280,261,Geico,16,5,79,20
227Geico.jpg,564,422,Geico,85,154,173,177
227Geico.jpg,564,422,Geico,73,226,278,257
228Geico.jpg,2200,1467,Geico,717,584,1565,721
229Geico.jpg,2974,1982,Geico,469,874,1272,1227
229Geico.jpg,2974,1982,Geico,2188,711,2632,986
22Geico.jpg,1280,720,Geico,694,248,885,303
230Geico.jpg,1920,1080,Geico,51,458,143,544
230Geico.jpg,1920,1080,Geico,51,538,151,570
231Geico.jpg,214,178,Geico,83,83,194,106
232Geico.jpg,236,196,Geico,128,165,229,188
233Geico.jpg,236,236,Geico,49,63,182,90
234Geico.jpg,122,242,Geico,7,6,114,32
235Geico.jpg,410,214,Geico,20,49,58,72
235Geico.jpg,410,214,Geico,361,16,396,40
236Geico.jpg,800,638,Geico,242,90,566,165
237Geico.jpg,960,540,Geico,585,268,648,285
238Geico.jpg,1600,1047,Geico,169,129,397,244
238Geico.jpg,1600,1047,Geico,1055,583,1137,637
239Geico.jpg,1573,757,Geico,1280,421,1462,480
23Geico.jpg,1280,720,Geico,353,169,485,243
240Geico.jpg,1573,757,Geico,1290,430,1464,483
241Geico.jpg,244,201,Geico,83,4,127,18
242Geico.jpg,960,576,Geico,327,292,567,342
243Geico.jpg,550,110,Geico,110,16,173,35
243Geico.jpg,550,110,Geico,30,44,101,64
244Geico.jpg,236,125,Geico,79,86,134,97
245Geico.jpg,700,840,Geico,54,38,656,157
246Geico.jpg,689,232,Geico,7,2,687,136
247Geico.jpg,600,800,Geico,132,38,387,99
247Geico.jpg,600,800,Geico,192,298,335,334
248Geico.jpg,800,550,Geico,665,177,800,282
249Geico.jpg,750,499,Geico,600,169,750,266
24Geico.jpg,1280,720,Geico,628,334,957,500
250Geico.jpg,610,320,Geico,77,98,539,189
251Geico.jpg,0,0,Geico,61,84,199,117
252Geico.jpg,0,0,Geico,5,75,190,107
253Geico.jpg,0,0,Geico,5,73,192,106
254Geico.jpg,0,0,Geico,14,79,189,111
255Geico.jpg,1000,280,Geico,6,52,961,219
256Geico.jpg,300,183,Geico,27,95,125,127
256Geico.jpg,300,183,Geico,229,42,287,85
257Geico.jpg,1400,933,Geico,557,338,986,527
258Geico.jpg,1000,750,Geico,88,383,438,534
258Geico.jpg,1000,750,Geico,804,181,961,314
259Geico.jpg,1000,750,Geico,201,185,440,235
259Geico.jpg,1000,750,Geico,346,361,580,477
259Geico.jpg,1000,750,Geico,848,293,960,368
25Geico.jpg,1280,720,Geico,940,453,992,478
260Geico.jpg,0,0,Geico,364,188,432,207
261Geico.jpg,746,495,Geico,270,239,442,284
262Geico.jpg,796,533,Geico,35,437,178,470
262Geico.jpg,796,533,Geico,579,231,740,264
262Geico.jpg,796,533,Geico,318,44,489,80
263Geico.jpg,600,848,Geico,433,261,532,285
264Geico.jpg,1000,562,Geico,488,103,817,185
265Geico.jpg,1600,899,Geico,1,367,679,544
266Geico.jpg,300,158,Geico,168,119,259,137
267Geico.jpg,600,400,Geico,71,8,150,28
267Geico.jpg,600,400,Geico,405,10,460,28
268Geico.jpg,400,225,Geico,178,84,303,108
269Geico.jpg,1300,431,Geico,821,43,1295,130
269Geico.jpg,1300,431,Geico,337,67,424,119
269Geico.jpg,1300,431,Geico,670,114,767,205
269Geico.jpg,1300,431,Geico,940,159,1188,213
26Geico.jpg,1280,720,Geico,433,109,557,164
270Geico.jpg,922,520,Geico,164,9,393,68
271Geico.jpg,594,396,Geico,91,135,275,222
271Geico.jpg,594,396,Geico,426,139,522,182
272Geico.jpg,594,396,Geico,92,135,278,225
272Geico.jpg,594,396,Geico,427,137,521,183
273Geico.jpg,457,303,Geico,23,252,98,268
273Geico.jpg,457,303,Geico,185,27,272,44
273Geico.jpg,457,303,Geico,330,130,419,150
274Geico.jpg,533,400,Geico,57,198,206,255
274Geico.jpg,533,400,Geico,421,162,496,197
275Geico.jpg,1024,683,Geico,201,342,533,404
276Geico.jpg,1300,431,Geico,673,122,775,203
276Geico.jpg,1300,431,Geico,827,52,1292,132
276Geico.jpg,1300,431,Geico,340,63,427,122
277Geico.jpg,0,0,Geico,64,55,729,150
278Geico.jpg,1030,346,Geico,32,47,923,212
279Geico.jpg,1040,520,Geico,38,187,85,206
27Geico.jpg,1280,720,Geico,103,149,385,210
280Geico.jpg,250,182,geico,71,14,78,52
280Geico.jpg,250,182,geico,149,72,210,84
280Geico.jpg,250,182,geico,46,115,106,127
281Geico.jpg,1200,795,geico,552,475,768,550
281Geico.jpg,1200,795,geico,609,415,687,436
282Geico.jpg,1600,1280,geico,779,639,1033,753
283Geico.jpg,1280,720,Geico,726,494,1000,557
284Geico.jpg,300,100,geico,44,1,291,47
285Geico.jpg,1152,649,geico,78,17,394,84
286Geico.jpg,0,0,Geico,231,87,432,128
287Geico.jpg,1920,1280,geico,739,475,1325,617
288Geico.jpg,1024,683,geico,351,349,792,445
289Geico.jpg,1024,500,geico,468,28,830,96
28Geico.jpg,1280,720,geico,385,200,531,270
290Geico.jpg,200,200,geico,23,81,179,118
291Geico.jpg,200,250,geico,8,85,192,124
292Geico.jpg,2048,1365,geico,1643,145,1841,251
293Geico.jpg,2000,1125,geico,759,469,861,502
294Geico.jpg,770,400,Geico,186,340,585,400
295Geico.jpg,4969,3313,Geico,98,42,3159,709
296Geico.jpg,640,360,geico,548,120,592,135
297Geico.jpg,1024,576,geico,220,228,342,297
298Geico.jpg,640,360,geico,437,103,550,133
299Geico.jpg,640,360,geico,2,90,173,148
29Geico.jpg,1280,720,geico,448,155,559,216
2Geico.jpg,224,300,geico,80,146,146,164
300Geico.jpg,640,360,geico,306,67,385,91
301Geico.jpg,1024,576,geico,192,253,450,321
302Geico.jpg,640,360,geico,239,97,338,131
303Geico.jpg,640,360,geico,219,37,352,68
304Geico.jpg,640,360,geico,64,135,156,182
305Geico.jpg,640,360,geico,21,4,191,44
306Geico.jpg,1136,640,geico,870,302,1058,361
307Geico.jpg,640,360,geico,172,99,260,142
308Geico.jpg,640,360,geico,92,83,156,114
309Geico.jpg,640,360,geico,478,49,529,85
30Geico.jpg,1280,720,geico,328,199,467,274
310Geico.jpg,640,360,geico,12,7,173,100
311Geico.jpg,640,360,geico,479,90,579,124
312Geico.jpg,640,360,geico,136,87,225,105
313Geico.jpg,640,360,geico,238,50,316,80
314Geico.jpg,640,360,geico,2,119,74,161
315Geico.jpg,640,360,geico,38,108,93,140
316Geico.jpg,1136,640,geico,533,73,681,125
317Geico.jpg,640,360,geico,334,182,421,209
318Geico.jpg,640,360,geico,222,1,457,83
319Geico.jpg,640,360,geico,490,79,545,105
31Geico.jpg,1280,720,geico,94,62,423,275
320Geico.jpg,640,360,geico,212,5,460,109
321Geico.jpg,640,360,geico,49,66,161,90
322Geico.jpg,640,360,geico,27,195,72,213
323Geico.jpg,1024,576,geico,169,76,422,144
324Geico.jpg,1024,576,geico,7,215,174,309
325Geico.jpg,640,360,geico,107,31,319,112
326Geico.jpg,640,360,geico,258,101,305,118
327Geico.jpg,640,360,geico,527,144,568,161
328Geico.jpg,640,360,geico,242,1,466,63
329Geico.jpg,640,360,geico,192,96,349,131
32Geico.jpg,1280,720,geico,84,10,498,178
330Geico.jpg,1136,640,geico,751,381,902,455
330Geico.jpg,1136,640,geico,570,92,632,118
330Geico.jpg,1136,640,geico,1024,102,1083,122
331Geico.jpg,640,360,geico,162,55,309,122
332Geico.jpg,640,360,geico,189,2,593,81
333Geico.jpg,640,360,geico,85,154,188,180
334Geico.jpg,640,360,geico,84,159,163,200
335Geico.jpg,2976,1024,Geico,10,1,2976,583
336Geico.jpg,640,360,geico,238,128,321,164
337Geico.jpg,1024,576,geico,653,254,671,279
338Geico.jpg,640,360,geico,166,108,265,138
339Geico.jpg,1080,675,Geico,318,281,963,408
33Geico.jpg,1280,720,geico,388,87,509,145
340Geico.jpg,640,360,geico,370,59,492,96
341Geico.jpg,640,360,geico,353,204,404,222
342Geico.jpg,640,360,geico,570,122,640,173
343Geico.jpg,640,360,geico,224,3,422,46
344Geico.jpg,640,360,geico,96,335,142,357
345Geico.jpg,640,360,geico,31,144,138,190
346Geico.jpg,640,360,geico,23,87,132,119
347Geico.jpg,640,360,geico,480,143,569,189
348Geico.jpg,640,360,geico,92,59,164,103
349Geico.jpg,640,360,geico,38,1,224,87
34Geico.jpg,1280,720,geico,26,114,150,186
350Geico.jpg,1024,576,geico,995,274,1023,309
351Geico.jpg,640,360,geico,498,116,558,153
352Geico.jpg,640,360,geico,135,198,179,217
353Geico.jpg,600,300,Geico,7,89,600,202
354Geico.jpg,1200,249,Geico,6,21,1199,249
355Geico.jpg,640,360,geico,245,71,301,87
356Geico.jpg,640,360,geico,7,75,109,100
357Geico.jpg,640,360,geico,188,10,236,34
358Geico.jpg,640,360,geico,574,135,640,199
359Geico.jpg,600,279,Geico,38,89,565,187
35Geico.jpg,1280,720,geico,39,136,137,182
360Geico.jpg,0,0,geico,626,342,663,359
361Geico.jpg,0,0,geico,615,210,906,282
362Geico.jpg,1500,1004,geico,580,557,829,659
363Geico.jpg,612,400,geico,100,46,183,75
364Geico.jpg,1024,576,geico,200,42,480,99
365Geico.jpg,400,400,geico,101,132,194,164
366Geico.jpg,600,600,geico,275,168,440,245
367Geico.jpg,465,230,geico,292,25,382,88
368Geico.jpg,1500,845,geico,443,653,595,709
368Geico.jpg,1500,845,geico,426,432,878,462
368Geico.jpg,1500,845,geico,1169,406,1500,455
368Geico.jpg,1500,845,Geico,611,759,1500,843
369Geico.jpg,374,135,Geico,46,22,328,80
36Geico.jpg,1280,720,geico,228,195,378,258
370Geico.jpg,0,0,geico,14,67,796,102
371Geico.jpg,600,321,Geico,17,220,64,232
371Geico.jpg,600,321,Geico,114,105,175,123
371Geico.jpg,600,321,Geico,451,163,497,177
372Geico.jpg,1300,956,geico,30,377,101,407
373Geico.jpg,1300,954,geico,286,358,348,390
374Geico.jpg,750,750,Geico,28,449,750,592
375Geico.jpg,1200,860,geico,656,186,865,234
375Geico.jpg,1200,860,geico,663,417,1083,511
375Geico.jpg,1200,860,geico,208,270,281,298
376Geico.jpg,1200,1200,geico,185,204,1023,387
377Geico.jpg,1200,1200,geico,191,214,1015,380
378Geico.jpg,300,192,geico,96,28,287,69
379Geico.jpg,0,0,geico,42,160,403,227
37Geico.jpg,1280,720,geico,436,90,722,177
380Geico.jpg,0,0,geico,40,158,402,232
381Geico.jpg,0,0,geico,41,158,412,228
382Geico.jpg,1200,676,geico,408,131,518,210
382Geico.jpg,1200,676,geico,698,315,822,409
382Geico.jpg,1200,676,geico,1041,563,1179,656
382Geico.jpg,1200,676,geico,870,31,1039,75
383Geico.jpg,750,422,geico,252,82,320,136
383Geico.jpg,750,422,geico,434,197,521,257
383Geico.jpg,750,422,geico,650,342,738,410
383Geico.jpg,750,422,geico,542,18,650,48
384Geico.jpg,1200,678,geico,48,28,431,106
385Geico.jpg,6000,4000,geico,3734,2678,4090,2784
385Geico.jpg,6000,4000,geico,1078,2953,1322,3153
386Geico.jpg,600,600,geico,88,246,237,330
386Geico.jpg,600,600,geico,251,247,385,324
387Geico.jpg,1300,955,geico,889,552,954,587
387Geico.jpg,1300,955,geico,430,585,472,633
388Geico.jpg,900,1200,geico,499,112,605,172
388Geico.jpg,900,1200,geico,724,136,876,200
389Geico.jpg,236,177,geico,61,79,172,99
38Geico.jpg,1280,720,geico,280,169,394,225
390Geico.jpg,600,450,geico,190,164,253,195
390Geico.jpg,600,450,geico,401,85,445,111
391Geico.jpg,600,450,geico,395,163,559,212
392Geico.jpg,523,366,geico,289,156,478,341
393Geico.jpg,1280,720,geico,620,430,887,487
394Geico.jpg,600,600,Geico,51,309,213,349
394Geico.jpg,600,600,Geico,107,360,297,399
394Geico.jpg,600,600,Geico,276,484,470,549
395Geico.jpg,5184,3456,Geico,1889,607,3142,901
396Geico.jpg,517,265,Geico,4,61,512,141
397Geico.jpg,300,250,geico,189,7,295,28
398Geico.jpg,640,459,geico,317,9,479,98
398Geico.jpg,640,459,geico,405,114,560,197
399Geico.jpg,640,459,geico,317,9,470,98
399Geico.jpg,640,459,geico,395,121,566,194
39Geico.jpg,1280,720,geico,439,114,524,151
3Geico.jpg,773,549,geico,7,5,143,35
400Geico.jpg,0,0,geico,1,44,420,344
401Geico.jpg,214,178,geico,135,143,202,158
402Geico.jpg,600,450,geico,211,70,392,111
403Geico.jpg,1920,1080,geico,370,225,1004,368
403Geico.jpg,1920,1080,geico,1110,229,1733,383
404Geico.jpg,530,290,geico,130,206,177,223
404Geico.jpg,530,290,Geico,61,37,485,119
405Geico.jpg,1300,1023,geico,916,692,1300,911
406Geico.jpg,0,0,Geico,8,144,420,221
407Geico.jpg,480,800,geico,17,185,180,230
408Geico.jpg,1920,1080,Geico,35,356,1904,719
409Geico.jpg,1600,1067,Geico,462,448,1462,638
40Geico.jpg,1280,720,geico,136,149,258,213
410Geico.jpg,296,400,geico,70,130,233,212
411Geico.jpg,0,0,geico,6,1,719,144
412Geico.jpg,0,0,geico,20,11,714,130
413Geico.jpg,0,0,geico,14,4,719,136
414Geico.jpg,780,444,geico,68,120,362,175
415Geico.jpg,1600,899,geico,740,147,973,214
415Geico.jpg,1600,899,geico,182,396,269,449
416Geico.jpg,1200,800,geico,532,294,1016,415
417Geico.jpg,600,399,geico,2,97,246,205
417Geico.jpg,600,399,geico,270,168,316,186
418Geico.jpg,600,399,geico,67,235,268,308
419Geico.jpg,292,220,geico,20,12,266,52
41Geico.jpg,1280,720,geico,124,204,275,292
420Geico.jpg,960,540,Geico,257,180,896,307
421Geico.jpg,275,183,Geico,81,75,244,109
422Geico.jpg,574,689,geico,50,512,529,595
422Geico.jpg,574,689,geico,106,611,297,659
423Geico.jpg,242,208,geico,2,18,155,51
424Geico.jpg,1280,640,geico,84,196,1205,431
425Geico.jpg,600,480,geico,333,111,591,258
426Geico.jpg,988,702,geico,121,275,791,378
427Geico.jpg,436,142,geico,3,8,423,83
428Geico.jpg,1000,662,geico,748,573,978,620
429Geico.jpg,600,347,geico,285,192,436,224
42Geico.jpg,1280,720,geico,1,110,137,220
430Geico.jpg,288,175,geico,3,61,279,115
431Geico.jpg,312,250,geico,10,149,297,203
432Geico.jpg,600,250,geico,5,74,596,178
433Geico.jpg,1024,512,geico,651,36,976,108
434Geico.jpg,625,416,geico,231,7,385,65
435Geico.jpg,300,400,geico,11,18,255,62
436Geico.jpg,1500,935,Geico,46,652,1464,909
437Geico.jpg,1024,547,geico,753,319,979,378
438Geico.jpg,480,640,geico,243,497,349,525
439Geico.jpg,1200,1600,geico,706,1324,1091,1416
43Geico.jpg,1280,720,geico,101,162,252,243
440Geico.jpg,0,0,geico,182,8,290,32
441Geico.jpg,631,346,geico,158,123,469,184
442Geico.jpg,0,0,geico,138,436,247,458
443Geico.jpg,1600,1047,geico,173,139,389,262
443Geico.jpg,1600,1047,geico,1061,585,1138,644
444Geico.jpg,208,156,geico,46,72,158,95
445Geico.jpg,1200,2147,geico,144,835,1074,1018
446Geico.jpg,1124,176,geico,23,10,484,105
447Geico.jpg,1200,2147,geico,88,1788,414,1892
447Geico.jpg,1200,2147,geico,88,62,1071,255
448Geico.jpg,1140,855,geico,139,485,790,675
449Geico.jpg,640,360,geico,146,183,483,251
44Geico.jpg,1280,720,geico,1127,203,1280,263
450Geico.jpg,640,360,geico,147,187,477,248
451Geico.jpg,2550,1410,geico,405,140,2215,487
452Geico.jpg,500,500,geico,18,209,472,299
453Geico.jpg,0,0,geico,38,145,79,155
454Geico.jpg,500,281,geico,267,81,331,101
454Geico.jpg,500,281,geico,121,85,188,102
454Geico.jpg,500,281,geico,306,201,411,235
455Geico.jpg,320,240,geico,54,98,279,144
456Geico.jpg,150,150,geico,29,62,149,88
457Geico.jpg,0,0,geico,67,28,161,58
457Geico.jpg,0,0,geico,129,691,317,735
458Geico.jpg,820,547,geico,244,190,655,277
459Geico.jpg,0,0,geico,357,8,459,33
45Geico.jpg,750,422,Geico,117,166,639,269
460Geico.jpg,0,0,geico,96,387,230,418
460Geico.jpg,0,0,geico,136,694,315,729
461Geico.jpg,660,330,geico,163,145,591,224
462Geico.jpg,0,0,geico,89,74,235,102
463Geico.jpg,300,168,geico,88,73,236,102
464Geico.jpg,623,350,geico,149,141,505,207
465Geico.jpg,0,0,geico,202,769,447,822
465Geico.jpg,0,0,geico,30,40,240,97
466Geico.jpg,300,408,geico,124,64,173,78
467Geico.jpg,0,0,geico,2,2,540,99
468Geico.jpg,759,427,geico,267,139,347,158
469Geico.jpg,650,400,geico,160,317,529,386
46Geico.jpg,1280,720,geico,287,186,428,262
470Geico.jpg,841,631,geico,363,168,553,215
471Geico.jpg,252,201,geico,137,47,246,107
472Geico.jpg,300,60,geico,54,29,170,51
473Geico.jpg,633,210,geico,233,168,402,202
474Geico.jpg,584,339,geico,15,235,569,337
475Geico.jpg,851,400,geico,192,245,233,274
475Geico.jpg,851,400,geico,14,169,38,188
475Geico.jpg,851,400,geico,677,193,782,237
476Geico.jpg,799,499,geico,350,200,422,225
477Geico.jpg,1000,562,geico,487,110,826,182
478Geico.jpg,763,456,geico,284,119,555,176
479Geico.jpg,800,600,geico,429,245,621,295
47Geico.jpg,1280,720,geico,153,147,259,204
480Geico.jpg,0,0,geico,350,151,583,207
481Geico.jpg,640,445,geico,275,321,499,409
482Geico.jpg,640,445,geico,17,84,99,103
482Geico.jpg,640,445,geico,509,60,542,76
483Geico.jpg,640,445,geico,23,75,133,99
484Geico.jpg,300,237,geico,11,8,71,23
485Geico.jpg,800,329,geico,385,182,561,223
486Geico.jpg,600,230,geico,306,132,450,160
487Geico.jpg,650,289,geico,163,125,415,189
488Geico.jpg,737,368,geico,175,136,554,208
489Geico.jpg,480,360,geico,154,131,354,183
48Geico.jpg,1280,720,geico,786,18,948,62
490Geico.jpg,480,360,geico,325,76,452,114
491Geico.jpg,1729,973,geico,531,313,1605,537
492Geico.jpg,1280,720,geico,383,262,1183,412
493Geico.jpg,0,0,geico,252,16,350,43
493Geico.jpg,0,0,geico,453,12,548,38
493Geico.jpg,0,0,geico,648,12,741,40
494Geico.jpg,1000,1000,geico,62,346,909,522
495Geico.jpg,0,0,geico,80,6,269,49
496Geico.jpg,176,158,geico,1,120,125,144
497Geico.jpg,250,250,geico,33,4,224,49
498Geico.jpg,640,306,geico,115,153,523,229
499Geico.jpg,0,0,geico,179,147,469,208
49Geico.jpg,1280,720,geico,505,158,626,218
4Geico.jpg,0,0,geico,82,397,304,452
500Geico.jpg,1500,935,geico,39,647,1465,904
50Geico.jpg,1280,720,geico,218,253,386,333
51Geico.jpg,1280,720,geico,433,200,904,334
52Geico.jpg,1280,720,geico,1,299,529,470
53Geico.jpg,1280,720,geico,544,382,883,503
54Geico.jpg,1280,720,geico,516,164,661,239
55Geico.jpg,1280,720,geico,74,126,190,190
56Geico.jpg,1280,720,geico,869,238,1060,307
57Geico.jpg,1280,720,geico,187,136,311,217
58Geico.jpg,1280,720,geico,856,104,1018,160
59Geico.jpg,1280,720,geico,241,296,430,370
5Geico.jpg,1280,720,geico,343,155,481,234
60Geico.jpg,1280,720,geico,657,249,813,307
61Geico.jpg,1280,720,geico,350,309,526,390
62Geico.jpg,1280,720,geico,502,4,535,35
63Geico.jpg,1280,720,geico,52,288,193,373
64Geico.jpg,1280,720,geico,276,182,438,264
65Geico.jpg,1280,720,geico,489,166,622,249
66Geico.jpg,2000,1125,geico,53,333,1096,584
66Geico.jpg,2000,1125,geico,1,639,641,782
66Geico.jpg,2000,1125,geico,1210,641,1892,802
67Geico.jpg,2000,1125,geico,70,322,1104,559
67Geico.jpg,2000,1125,geico,1,645,651,791
67Geico.jpg,2000,1125,geico,1221,635,1923,796
68Geico.jpg,1280,720,geico,393,113,434,157
69Geico.jpg,300,250,Geico,175,196,284,219
6Geico.jpg,1280,720,geico,361,243,513,316
70Geico.jpg,0,0,geico,263,1,479,42
71Geico.jpg,584,339,geico,10,233,561,334
72Geico.jpg,600,600,geico,52,48,447,584
73Geico.jpg,980,551,geico,225,218,531,283
74Geico.jpg,214,178,geico,7,142,103,162
75Geico.jpg,0,0,geico,1,2,420,357
76Geico.jpg,480,360,geico,93,203,138,227
76Geico.jpg,480,360,geico,142,262,184,278
76Geico.jpg,480,360,geico,268,231,305,249
76Geico.jpg,480,360,geico,334,257,377,274
76Geico.jpg,480,360,geico,148,153,180,165
76Geico.jpg,480,360,geico,337,148,370,168
77Geico.jpg,480,360,geico,94,202,141,230
77Geico.jpg,480,360,geico,140,260,182,277
77Geico.jpg,480,360,geico,265,233,308,252
77Geico.jpg,480,360,geico,335,257,376,275
77Geico.jpg,480,360,geico,144,152,182,168
77Geico.jpg,480,360,geico,336,148,368,170
78Geico.jpg,374,135,geico,45,20,324,77
79Geico.jpg,1000,666,geico,833,81,872,102
7Geico.jpg,1280,720,geico,118,307,272,391
80Geico.jpg,1400,1400,geico,570,1181,844,1276
81Geico.jpg,1280,720,geico,374,134,498,207
82Geico.jpg,1280,720,geico,251,135,403,225
83Geico.jpg,1280,720,geico,341,262,539,362
84Geico.jpg,1280,720,geico,268,257,460,330
85Geico.jpg,1280,720,geico,244,234,389,317
86Geico.jpg,1280,720,geico,365,187,509,264
87Geico.jpg,750,984,Geico,152,31,714,143
88Geico.jpg,1023,681,geico,171,304,308,377
88Geico.jpg,1023,681,geico,658,313,907,376
89Geico.jpg,3000,2000,geico,238,245,623,402
8Geico.jpg,1280,720,geico,212,314,389,409
90Geico.jpg,300,224,geico,26,117,88,131
90Geico.jpg,300,224,geico,27,172,82,185
91Geico.jpg,185,185,geico,48,33,109,46
92Geico.jpg,1050,700,geico,90,1,298,61
93Geico.jpg,453,210,geico,221,73,369,115
94Geico.jpg,1200,800,geico,354,394,397,411
95Geico.jpg,2048,1365,geico,293,564,787,871
95Geico.jpg,2048,1365,geico,1495,543,1870,756
96Geico.jpg,2048,1365,geico,280,560,787,881
96Geico.jpg,2048,1365,geico,1500,549,1878,785
97Geico.jpg,300,250,Geico,178,194,283,218
98Geico.jpg,827,301,Geico,7,36,820,194
98Geico.jpg,827,301,Geico,85,212,414,283
99Geico.jpg,848,650,geico,170,61,699,167
9Geico.jpg,1280,720,geico,381,247,556,338
